Epoch,Train_Loss,Train_Acc,Train_Precision,Train_Recall,Train_F1,Val_Loss,Val_Acc,Val_Precision,Val_Recall,Val_F1
1,0.8789534918320032,0.5763239875389408,0.37928255173036957,0.39004770442466546,0.3795588644334394,0.8331716259320577,0.6681222707423581,0.4478864734299517,0.45523609163160356,0.443443268305485
2,0.6671334030451598,0.721183800623053,0.478932547734249,0.500333504087426,0.48927600729659715,0.6510283728440602,0.74235807860262,0.503970709570957,0.5336605890603086,0.5092255892255892
3,0.5688597348369198,0.7749221183800623,0.5152534113060429,0.538724715943452,0.526537577103883,0.5997966468334198,0.7685589519650655,0.5090909090909091,0.5404394576905096,0.5242747797886521
4,0.517607691111388,0.8107476635514018,0.5391689331755924,0.5635658790634138,0.5509720246562352,0.5956082830826441,0.777292576419214,0.515022015022015,0.5467508181393175,0.5303898531008232
5,0.49353452017645777,0.8130841121495327,0.5410502333443574,0.5645868462430542,0.55256444328599,0.6212981204191844,0.7554585152838428,0.49994729074425476,0.5276998597475456,0.5132363132363132
6,0.4059009597763235,0.8621495327102804,0.574992613020782,0.5985642426700248,0.5865386996798263,0.7160547954340776,0.7729257641921398,0.5220769230769231,0.5543478260869565,0.5299943406904357
7,0.34678439464834,0.8808411214953271,0.7213781268236713,0.6234113627183407,0.6222098327264606,0.7151549895604451,0.7816593886462883,0.5185639139982636,0.5531790556334736,0.534379213138865
8,0.36870638952579027,0.8582554517133957,0.7277429294596677,0.630448206672592,0.6437573259570171,0.8423885524272918,0.6986899563318777,0.47891103039822,0.4731182795698925,0.4616041147272196
